{"Average HR": 0.22500000000000003, "Average NDCG": 0.07612859246775884, "Round ": 4, "_timestamp": 1655065092, "_runtime": 136, "_step": 5, "HR_CDF_1_table": {"_type": "table-file", "sha256": "0bddb242a54d7bc38ec6b2ef9d9b91439f259607d5367edea6272e68eb304f17", "size": 180, "path": "media/table/HR_CDF_1_table_5_0bddb242a54d7bc38ec6.table.json", "ncols": 2, "nrows": 7}, "_wandb": {"runtime": 137}}