{"Average HR": 0.22500000000000003, "Average NDCG": 0.07612859246775884, "Round ": 4, "_timestamp": 1655068667, "_runtime": 123, "_step": 6, "Local HR@CDF_table": {"_type": "table-file", "sha256": "fc5642f6c35c1905f174cae07b127e7c77d3181d807234ab90070b2182fa44f4", "size": 192, "path": "media/table/Local HR@CDF_table_5_fc5642f6c35c1905f174.table.json", "ncols": 2, "nrows": 7}, "Local NDCG@CDF_table": {"_type": "table-file", "sha256": "d7aaa0f7fa116923dd7c02a13de1b6f40553f3fd5557591d8da126dd0d4d9d1c", "size": 3390, "path": "media/table/Local NDCG@CDF_table_6_d7aaa0f7fa116923dd7c.table.json", "ncols": 2, "nrows": 81}, "_wandb": {"runtime": 124}}