{"Average HR": 0.22300000000000011, "Average NDCG": 0.0757069674358839, "Round ": 4, "_timestamp": 1655004805, "_runtime": 152, "_step": 4, "_wandb": {"runtime": 154}}