{"Average HR": 0.5500000000000005, "Average NDCG": 0.25773135294374344, "Round ": 599, "_timestamp": 1655059217, "_runtime": 53824, "_step": 599, "_wandb": {"runtime": 53853}}